שם אגח,תשואה ברוטו,תשואה נטו,מחמ,חברה,דירוג 
אאורה אגח ז,1.73,-0.06,0.63,אאורה ,BBB
אאורה אגח ח,1.69,0.54,1.3,אאורה ,BBB
אאורה אגח ט,3.75,2.85,2.62,אאורה ,BBB
אאורה אגח י,3.93,3.26,3.6,אאורה ,BBB
אבגול אגח ב,1.01,-0.01,1.27,אבגול,A
אבגול אגח ג,2.7,2,4.75,אבגול,A
אביב ארלן אגח ד,3.19,1.2,0.71,אביב אלרון, 
אביב ארלן אגח ה,2.3,0.78,2.54,אביב אלרון, 
אביב ארלן אגח ו,3.71,2.88,3.63,אביב אלרון, 
אביב בניה אגח 5,2.78,1.87,2.46,אביב בניה, 
אבנר אגח א,3.76,2.6,4.36,אבנר, 
אברות אגח ד,5.13,4.21,3.06,אברות,BBB
אגוד הנ שה נד 1,1.17,-0.06,3.25,אגוד, 
אגוד הנ שה נד 2,1.56,1.17,3.37,אגוד, 
אגוד הנפ אגח ו,0.44,-0.21,0.89,אגוד, 
אגוד הנפ אגח ז,1.29,0.72,2.89,אגוד, 
אגוד הנפ אגח ח,1.2,1.03,3.18,אגוד, 
אגוד הנפ אגח ט,0.78,0.54,4.39,אגוד, 
אגוד הנפ התח יז,0.43,-0.93,0.55,אגוד, 
אגוד הנפ התח יח,1.22,0.97,2.68,אגוד, 
אגוד הנפ התח יט,0.91,-0.25,3.11,אגוד, 
אדגר אגח ו,3.9,-1.28,0.15,אדגר, 
אדגר אגח ז,1.37,-0.09,1.75,אדגר, 
אדגר אגח ח,2.15,1.25,3.59,אדגר, 
אדגר אגח ט,3.11,1.95,5.53,אדגר, 
אדמה אגח ב,3.81,2.57,8.86,אדמה,AA-
אדרי-אל אגח ב,6.43,4.39,0.34,אדמה,CCC
אול-יר אגח א,5.29,3.58,3.27,אול יר, 
אול-יר אגח ב,5.01,4.03,3.3,אול יר, 
אול-יר אגח ג,4.05,3.44,5.81,אול יר, 
אופטיבייס אגח א,4.47,3.41,2.36,אופטיבייס, 
אורון אגח א,2.57,1.95,2.21,אורון,A-
אורן השק אגח ד,8.24,7.17,2.92,אורן, 
אזורים אגח 10,2.11,1.35,2.62,אזורים, 
אזורים אגח 11,2.48,1.78,3.48,אזורים, 
אזורים אגח 12,3.36,2.86,4.84,אזורים, 
אזורים אגח 8,1.38,-0.26,0.8,אזורים,A-
אזורים אגח 9,1.52,0.19,2.66,אזורים, 
איאסאראר אגח ג,3.31,2.07,0.48,אי אס אר אר, 
איאסאראר אגח ד,4.36,3.17,2.37,אי אס אר אר, 
איאסאראר אגח יד,3.51,2.1,0.97,אי אס אר אר, 
אידיבי פת אגח ז,4.83,2.58,0.73,אי אס אר אר,BB
אידיבי פת אגח ט,7.76,6.31,5.24,אדיבי פת,BB
אידיבי פת אגח י,4.04,2.89,1.23,אדיבי פת,BB
אידיביפת אגח יא,2.57,1.51,2.59,אדיבי פת, 
אידיביפת אגח יב,4.51,3.47,2.51,אדיבי פת, 
אידיביפת אגח יג,5.18,4.32,2.54,אדיבי פת, 
איידיאו אגח ה,1.39,0.24,2.38,איידיאו,A
איידיאו אגח ז,2.15,1.14,4.41,איידיאו,A
איידיאו אגח ח,2.74,2.1,6.7,איידיאיי,A
איידיאייהנ הת ב,1.3,-0.09,1.66,איידיאיי, 
איידיאייהנ הת ג,1.44,0.36,3.51,איידיאיי, 
איידיאייהנ הת ד,2.81,2.16,4.83,איידיאיי, 
אינטרנט זהבאגחג,1.43,0.35,1.47,אינטרנט זהב, 
אינטרנט זהבאגחד,2.11,0.73,3.6,אינטרנט זהב, 
אלביט הד אגח ח,7.37,5.56,1.19,אלביט הדמיה, 
אלביט הד אגח ט,16.07,12.82,2.73,אלביט הדמיה, 
אלביט מערכ אגחא,0.86,0.1,1.76,אלביט, 
אלבר אגח טו,2.83,2.36,3.23,אלבר, 
אלבר אגח טז,2.17,1.58,3.82,אלבר, 
אלבר אגח יג,1.53,0.35,1.07,אלבר, 
אלבר אגח יד,2.48,1.97,2.33,אלדן, 
אלדן תחב מסחרי1,2.72,2.72,0.33,אלדן, 
אלדן תחבו אגח א,3.19,2.54,2.13,אלדן, 
אלדן תחבו אגח ב,3.64,2.92,2.56,אלדן, 
אלומיי אגח א,2.71,2.01,3.51,אלומיי,A-
אלון רבוע אגח ד,3.81,3.09,4.89,אלון רבוע, 
אלוני חץ אגח ו,0.72,-0.31,1.48,אלוני חץ,AA-
אלוני חץ אגח ח,1.17,0.14,3.32,אלוני חץ,AA-
אלוני חץ אגח ט,3.38,2.81,6.12,אלוני חץ,AA-
אלוני חץ אגח י,2.01,1.66,7.71,אלוני חץ,AA-
אלמוגים אגח ב,2.61,0.45,1.18,אלמוגים, 
אלמוגים אגח ג,4.92,3.74,2.14,אלמוגים, 
אלעזרא אגח ב,2.88,1,2.71,אלעזרא, 
אלעזרא אגח ג,2.5,1.32,0.55,אלעזרא, 
אלעזרא אגח ד,5.77,4.75,4.82,אלעזרא, 
אלקו אגח יא,2.08,1.33,3.51,אלקו,A+
אלקטרה אגח ד,2.26,1.7,4.41,אלקטרה,AA-
אלקטרה נדלןאגחד,1.94,0.68,2.05,אלקטרה,BBB
אלקטרה נדלןאגחה,3.6,2.86,4.32,אלקטרה נדלן, 
אלרוב נדלן אגחא,1.33,-0.1,0.81,אלרוב נדלן, 
אלרוב נדלן אגחב,1.77,0.55,1.84,אלרוב נדלן, 
אלרוב נדלן אגחג,1.86,1.35,3.03,אלרוב נדלן, 
אלרוב נדלן אגחד,2.41,1.79,4.78,אלרוב נדלן, 
אם.אר.פי אגח ג,4.76,3.87,4.67,אם אר פי, 
אמ.די.ג'י אגח א,4.97,3.66,2.49,אם די גי, 
אמות אגח א,0.88,-0.88,1.29,אמות,AA
אמות אגח ב,1.19,-0.08,3.76,אמות,AA
אמות אגח ג,0.81,-0.42,2.25,אמות,AA
אמות אגח ד,2.58,1.73,7.52,אמות,AA
אמות אגח ה,3.06,2.54,6.08,אמות,AA
אמיליה פת אגח א,1.42,-0.47,1.19,אמיליה, 
אנגל משאב אגח ח,4.05,3.29,5.51,אנגל, 
אנלייט אנר אגחב,3.21,2.19,3.14,אנלייט, 
אספן גרופ אגח ו,3.35,2.33,4.2,אספן גרופ, 
אפקון החז אגח ב,3.93,-4.37,0.06,אפקון,A-
אפקון החז אגח ג,1.04,0.15,1.75,אפקון, 
אפריל נדלןאגח 1,2.3,1.33,1.69,אפריל, 
אפריקה אגח כו,20.43,17.2,3.12,אפריקה, 
אפריקה אגח כז,18.27,15.58,3.2,אפריקה, 
אפריקה אגח כח,22.95,19.89,3.73,אפריקה, 
אפריקה מג אגח ב,1.51,0,1.28,אפריקה, 
אפריקה מג אגח ג,2.62,1.98,3.47,אפריקה, 
אפריקה נכס אגחה,1.16,-0.42,1.13,אפריקה, 
אפריקה נכס אגחו,1.93,0.7,2.3,אפריקה, 
אפריקה נכס אגחז,3.1,2.11,4.68,אפריקה, 
אקסטל אגח א,8.29,7.46,2.18,אקסטל, 
אקסטל אגח ב,9.01,7.96,3.78,אקסטל, 
ארזים אגח 2,34.77,32.71,1.72,ארזים, 
ארזים אגח 4,19.06,16.96,1.62,ארזים, 
ארפורט אגח ג,0.71,-0.1,0.97,ארפורט,AA
ארפורט אגח ד,1.19,0.77,2.58,ארפורט,AA
ארפורט אגח ה,2.39,1.8,6.78,ארפורט,AA
ארפורט אגח ז,1.03,0.29,3.06,ארפורט,AA
ארקו אגח ג,3.8,3.05,4.31,ארקו, 
אשדר אגח א,1.47,0.13,1.67,אשדר,A-
אשדר אגח ג,2.05,0.63,2.2,אשדר,A-
אשדר אגח ד,2.68,2.04,3.53,אשדר,A-
אשטרום נכ אגח 7,1.44,0.34,2.23,אשטרום,A
אשטרום נכ אגח 8,1.59,0.41,2.81,אשטרום,A
אשטרום נכ אגח 9,4.11,3.34,6.34,אשטרום,A
אשטרום נכ אגח01,2.95,2.15,6.47,אשטרום,A
אשטרום קב אגח א,2.46,1.8,4.12,אשטרום,A
אשטרום קב אגח ב,3.16,2.49,3.77,אשטרום,A
אשטרום קב אגח ג,4.49,3.83,6.04,אשטרום,A
ב.יאיר אגח 11,1.48,-0.89,0.23,ב.יאיר, 
בוני תיכון אגחו,3.36,2.01,0.58,בוני תיכון, 
בוני תיכון אגחח,3.64,2.3,1.33,בוני תיכון, 
בוני תיכון אגחט,2.62,1.39,0.77,בוני תיכון, 
בוני תיכון אגחי,3.1,2.28,1.37,בוני תיכון, 
בוניתיכון אגחיא,3.66,2.86,1.47,בוני תיכון, 
בוניתיכון אגחיב,4.86,4.12,2.6,בוני תיכון, 
בזן אגח א,1.9,0.62,1.75,בזן,BBB+
בזן אגח ד,2.46,1.56,2.81,בזן,BBB+
בזן אגח ה,3.42,2.56,4.86,בזן,BBB+
בזן אגח ו,4.32,2.66,4.43,בזן,BBB+
בזן אגח ז,1.87,0.13,1.49,בזן,BBB+
בזק אגח 10,1.85,1.28,6.95,בזק,AA
בזק אגח 6,1.01,0.07,3.52,בזק,AA
בזק אגח 7,1.16,0.92,3.63,בזק,AA
בזק אגח 8,0.25,-1.54,0.23,בזק,AA
בזק אגח 9,3,2.44,6.61,בזק,AA
בי קומיונק אגחב,1.06,-0.24,1.03,בי קומיוניק, 
בי קומיונק אגחג,3.4,2.82,6.13,בי קומיוניק, 
ביאיר אגח 14,0.63,-0.44,0.42,ב.יאיר, 
ביג אגח ג,0.92,-0.72,1.04,ביג, 
ביג אגח ד,0.73,-0.23,2.56,ביג, 
ביג אגח ה,1.43,0.72,4,ביג, 
ביג אגח ו,2.09,1.56,4.74,ביג, 
ביג אגח ז,2.02,1.37,5.84,ביג, 
ביג אגח ח,1.85,1.48,6.42,ביג, 
בינל הנפק אגח ג,0.59,-1.09,0.88,בינל,AA+
בינל הנפק אגח ח,1.18,0.88,2.79,בינל,AA+
בינל הנפק אגח ט,0.65,0.39,3.01,בינל,AA+
בינל הנפק התח ד,1.15,0.17,2.45,בינל,AA
בינל הנפק התח ה,1.11,-0.73,0.26,בינל,AA
בינל הנפק התח כ,0.56,-0.21,2.35,בינל,AA
בינל הנפק התחכא,0.72,-0.14,2.26,בינל,AA
בינל הנפק התחכב,1.97,1.17,4.04,בינל,A+
בינלהנפ שה נד ב,0.51,-1.38,0.97,בינל,AA
בית הזהב אגח ב,3.2,2.46,4.44,בית הזהב,BBB+
בית הזהב אגח ג,3.44,2.86,5.13,בית הזהב,BBB+
בנלהנ אוצר הת ו,5.76,-0.61,0.08,, 
בראק אן וי אגחא,1.09,-0.14,1.8,ברקן אן וי,AA-
בראק אן וי אגחב,1.66,0.85,4.85,ברקן אן וי,AA-
בראק אן וי אגחג,2.49,1.67,6.91,ברקן אן וי,AA-
ברוקלנד אגח א,5.23,4.1,2,ברוקלנד,BBB+
ברוקלנד אגח ב,7.33,5.9,3.2,ברוקלנד,BBB+
ברם אגח א,2.22,1.41,2.47,ברם,BBB+
ג'י.אף.אי אגח א,5.13,3.83,2.69,ג'י.אף.איי,A-
גאון אחז אגח ב,2.58,1.45,1.64,גאון, 
גב ים אגח ה,1.2,-0.77,0.55,גב ים,AA-
גב ים אגח ו,1.89,0.73,5.71,גב ים,AA-
גב ים אגח ז,0.75,-0.69,0.63,גב ים,AA-
גולד אגח ג,2.7,2.26,3.35,גולד, 
גזית גלוב אגח א,7.14,1.95,0.31,גזית גלוב,AA-
גזית גלוב אגח ג,1.16,-0.25,1.04,גזית גלוב,AA-
גזית גלוב אגח ד,1.69,0.15,2.89,גזית גלוב,AA-
גזית גלוב אגח ה,1,0.84,0.56,גזית גלוב,AA-
גזית גלוב אגח ט,1.17,-0.29,1.28,גזית גלוב,AA-
גזית גלוב אגח י,0.83,-0.92,2.29,גזית גלוב,AA-
גזית גלוב אגחיא,2.46,1.12,4.89,גזית גלוב,AA-
גזית גלוב אגחיב,3.51,2.49,7.51,גזית גלוב,AA-
גינדי אגח ד,2.9,1.77,1.27,גינדי, 
גירון אגח ג,1.51,0.37,1.77,גירון, 
גירון אגח ד,2.39,1.56,4.46,גירון, 
גירון אגח ה,3.3,2.75,5.24,גירון, 
גירון אגח ו,2.68,2.03,6.37,גירון, 
גלובל כנפ אגח א,2.18,1.03,1.65,גלובל כנפיים,A-
גלובל כנפ אגח ב,3.94,2.58,4.32,גלובל כנפיים,A-
גלובל פינ8אגח ד,3.74,2.64,1.02,גלובל פיננס, 
גליל מור אגח א,48.21,46.51,0.48,גליל מור, 
גמול השק אגח ב,56.33,52.5,1.63,גמול השק, 
דה זראסאי אגח א,1.47,0.3,2.83,דה זראסאי,AA-
דה זראסאי אגח ב,2.73,1.99,3.66,דה זראסאי,AA-
דה זראסאי אגח ג,3.73,3.05,5.55,דה זראסאי,AA-
דה לסר אגח ב,2.46,0.59,1.2,דה לסר,A-
דה לסר אגח ג,2.89,1.55,2.27,דה לסר,A-
דה לסר אגח ד,4.35,3.62,3.39,דה לסר,A-
דה לסר אגח ה,6.13,5.04,5.28,דה לסר,A-
דור אלון אגח ג,0.91,0.53,0.48,דור אלון, 
דור אלון אגח ה,2.35,1.65,3.1,דור אלון, 
דורסל אגח ב,1.39,0.64,2.25,דורסל,A-
דורסל אגח ג,3.46,2.89,4.89,דורסל,A-
דיסק השק אגח ו,3.72,2.48,4.31,דיסקונט,BBB
דיסק השק אגח ח,2,0.35,1.26,דיסקונט,BBB
דיסק השק אגח ט,0.63,-0.5,0.84,דיסקונט,BBB
דיסק התח נד י,0.76,-0.2,3.53,דיסקונט,AA
דיסק התח נד יא,1.35,0.43,3.41,דיסקונט,AA
דיסק מנ שה נד 1,1.06,-0.48,2.86,דיסקונט,A+
דיסקונט מנ הת א,1.42,-2.06,0.55,דיסקונט,AA
דיסקונט מנ הת ב,0.77,-0.65,1.69,דיסקונט,AA
דיסקונט מנ הת ד,0.47,-0.73,3.01,דיסקונט,AA
דיסקונט מנ הת ה,0.66,-0.2,1.48,דיסקונט,AA
דיסקונט מנ הת ט,0.27,-0.06,0.48,דיסקונט,AA
דיסקונט שה א,1.7,0.47,4.31,דיסקונט,A
דלק אנרגיה אגחה,0.61,-0.73,1.34,דלק אנרגיה, 
דלק קב אגח טו,0.64,-1.34,0.59,קבוצת דלק, 
דלק קב אגח יג,1.72,0.47,3.06,קבוצת דלק,A
דלק קב אגח יד,1.2,-0.13,1.29,קבוצת דלק, 
דלק קב אגח יח,1.83,0.29,3.15,קבוצת דלק, 
דלק קב אגח יט,1.83,0.65,3.82,קבוצת דלק, 
דלק קב אגח כב,1.73,0.6,3.32,קבוצת דלק,A
דלק קב אגח לא,4.04,3.38,5.44,קבוצת דלק,A
דלק קידוחיםאגחא,3.78,2.62,4.36,דלק קידוחים, 
דלשה קפיטל אגחא,5.32,4.18,3.32,דלשה קפיטל, 
דלשה קפיטל אגחב,4.3,3.54,4.79,דלשה קפיטל, 
דלתא אגח א,2.92,2.22,5.25,דלתא, 
דלתא אגח ב,2.03,1.68,6.95,דלתא, 
דלתא אגח ה,1.42,0.33,2.62,דלתא, 
דמרי אגח ד,1.89,0.99,1.28,דמרי, 
דמרי אגח ה,2.15,1.58,2.08,דמרי, 
דמרי אגח ו,2.44,1.9,3.58,דמרי, 
דקסיה הנ אגח י,1.56,1.18,6.5,דקסיה,AA-
דקסיה הנ אגח יא,1.13,0.96,3.01,דקסיה,AA-
דקסיה הנ מסחרי1,0.43,0.1,0.21,דקסיה, 
דקסיה הנפ אגח ב,0.72,-0.48,2.19,דקסיה,AA-
דקסיה הנפ אגח ז,0.8,-0.17,3.24,דקסיה,AA-
דקסיה הנפ אגח ט,1.91,1.14,0.07,דקסיה,AA-
דקסיה הנפ נד יג,1.07,-0.19,1.77,דקסיה,A
דקסיה הנפ נד יד,1.49,0.82,3.43,דקסיה,A
דרבן אגח ד,1.6,0.2,2.22,דרבן, 
הוט אגח א,1.14,-0.12,1.32,הוט, 
הוט אגח ב,1.31,0.01,1.29,הוט, 
הכש חב בטוחאגח1,2.46,0.93,1.73,הכש החזקות, 
הכש חב בטוחאגח2,2.45,1.45,1.91,הכש החזקות, 
הכשרת ישוב אג02,3.31,2.47,4.88,הכש החזקות,A-
הכשרת ישוב אג12,0.54,-0.74,0.5,הכשרת הישוב,A-
הכשרת ישוב אג13,1.7,-0.3,0.64,הכשרת הישוב,A-
הכשרת ישוב אג14,1.16,0.37,0.96,הכשרת הישוב,A-
הכשרת ישוב אג15,1.98,1.25,1.68,הכשרת הישוב,A-
הכשרת ישוב אג16,1.49,0.09,1.74,הכשרת הישוב,A-
הכשרת ישוב אג17,1.29,0.01,2.42,הכשרת הישוב,A-
הכשרת ישוב אג18,3.05,2.18,2.82,הכשרת הישוב,A-
הכשרת ישוב אג91,3.61,2.98,4.56,הכשרת הישוב,A-
הלמןאלדובי אגחא,3.33,2.52,3.68,הלמן אלדובי, 
המשביר 365 אגחב,3.39,1.83,0.89,המשביר 365, 
המשביר 365 אגחד,5.42,4.22,3.09,המשביר 365, 
הפניקס אגח 1,0.97,-1.06,1.01,הפניקס,A+
הפניקס אגח 2,1.42,0.73,4.1,הפניקס, 
הראל הנפ אגח יא,3.85,3.19,8.73,הראל,AA-
הראל הנפ אגח יב,4,3.39,9.49,הראל,AA-
הראל הנפ אגח יג,4.1,3.48,10.09,הראל,AA-
הראל הנפק אגח א,0.8,-0.34,2.72,הראל,AA
הראל הנפק אגח ב,1.1,0.79,1.22,הראל,AA-
הראל הנפק אגח ג,0.9,0.61,2.18,הראל,AA-
הראל הנפק אגח ד,0.98,-0.03,3.05,הראל,AA-
הראל הנפק אגח ה,1.33,0.35,3.92,הראל,AA-
הראל הנפק אגח ו,1.61,0.67,5.59,הראל,AA-
הראל הנפק אגח ז,1.84,0.91,6.39,הראל,AA-
הראל הנפק אגח ח,1.52,0.8,4.88,הראל,AA-
הראל הנפק אגח ט,2.46,1.84,7.96,הראל,AA-
הראל הנפק אגח י,2.57,1.95,8.76,הראל,AA-
וואן טכנ אגח ג,1.78,1.26,2.84,וואן טכנולוגיה, 
וויי בוקס אגח א,4.92,4.15,3.5,וויי בוקס, 
וורטון אגח א,3.7,3.1,4.5,וורטון,AA-
וילאר אגח ד,0.89,-0.3,0.81,וילאר,AA
וילאר אגח ה,0.28,-0.48,0.98,וילאר,AA
וילאר אגח ו,1.08,0.22,2.88,וילאר,AA
וילאר אגח ז,1.95,1.28,4.37,וילאר,AA
וילאר אגח ח,2.92,2.52,6.41,וילאר,AA
ויקטורי אגח א,2.39,1.87,3.29,ויקטורי, 
ויתניה אגח ג,0.97,0,0.51,ויתניה, 
ויתניה אגח ד,3.3,2.7,4.68,ויתניה, 
חברה לישראלאגח7,1.6,0.43,2.41,חברה לישראל,A
חברה לישראלאגח9,0.72,-0.39,0.8,חברה לישראל,A
חברהלישראלאגח10,2.97,2.33,4.75,חברה לישראל,A
חברהלישראלאגח11,4.42,3.05,4.6,חברה לישראל,A
חג''ג'' אגח ז,5.19,4.38,3.88,חג'ג',BBB+
חג'ג' אגח ה,4.29,3.32,2.16,חג'ג',BBB+
חג'ג' אגח ו,4.02,2.99,2.14,חלל תקשורת,BBB+
חלל תקש אגח ו,3.13,2.43,3.94,חלל תקשורת, 
חלל תקש אגח ח,1.87,0.87,2.84,חלל תקשורת, 
חלל תקש אגח ט,4.02,3.08,1.63,חלל תקשורת, 
חלל תקש אגח טז,4.96,3.47,5.76,חלל תקשורת, 
חממה סחר אגח ג,2.14,0.77,1.36,חממה סחר, 
חנן מור אגח ד,6.03,0.21,0.23,חנן מור, 
חנן מור אגח ה,2.4,1.15,1.23,חנן מור, 
חנן מור אגח ו,3.99,3.03,3.21,חנן מור, 
חנן מור אגח ז,3.42,2.72,3.75,חנן מור, 
חשמל אגח 25,0.17,-0.72,0.33,חשמל, 
חשמל אגח 26,2.21,1.48,4.64,חשמל,AA
חשמל אגח 27,2.61,1.66,8.77,חשמל,AA
טאואר אגח ז,2.59,2.1,4.22,טאואר,A
טלדור אגח ב,11.26,-1.48,0.05,טלדור,A-
טמפו משק אגח א,1.49,0.68,1.91,טמפו משקעות, 
טמפו משק אגח ב,2.33,1.84,4.02,טמפו משקעות, 
טן דלק אגח ב,1.68,-0.42,0.31,טן דלק,BBB+
טן דלק אגח ג,1.97,1.21,2.4,טן דלק,BBB+
יו.טי.אס אגח ו,11.73,-9.33,0.03,יו טי אס,A
יו.טי.אס אגח ח,2.85,2.33,3.09,יו טי אס,A
יו.טי.אס אגח ט,2.46,1.77,3.13,יו טי אס,A
יו.טי.אס מסחרי4,1.74,1.74,0.28,יו טי אס, 
יואל אגח 3,1.27,0.56,0.34,יואל,AA-
יוניטרוניק אגח4,2.41,1.03,1.83,יוניטרוניקס, 
יוניטרוניק אגח5,2.99,2.17,4.13,יוניטרוניקס, 
ירושליםהנ אגחיד,1.21,0.95,2.43,ירושלים,A-
ירושליםהנפ אגחח,1.07,0.85,1.47,ירושלים,A+
ירושליםהנפ אגחט,0.75,0.24,2.77,ירושלים,A+
ירושליםהנפ הת ג,3.92,-2.15,0.16,ירושלים,A-
ירושליםהנפ נד10,1.28,0.65,3.19,ירושלים,A-
ישפרו אגח ב,1.23,-0.13,2.22,ישפרו,A
ישראל קנדה אגחג,2.82,0.3,0.65,ישראל קנדה, 
ישראל קנדה אגחה,4.63,3.92,3.8,ישראל קנדה, 
ישרוטל אגח א,2.16,1.76,4.74,ישרוטל, 
ישרס אגח ו,3.75,-0.37,0.15,ישרס,AA-
ישרס אגח טו,1.96,1.52,6.85,ישרס,AA-
ישרס אגח יא,1.32,0.22,1.74,ישרס,AA-
ישרס אגח יג,2.02,1.14,4.18,ישרס,AA-
ישרס אגח יד,3.35,2.62,5.46,ישרס,AA-
כיל אגח ה,2.62,2.21,5.16,כיל,AA
כלכלית ים אגח ו,1.2,-0.38,0.81,כלכלית ירושלים, 
כלכלית ים אגח ט,1.09,-0.77,0.65,כלכלית ירושלים, 
כלכלית ים אגח י,1.89,0.28,3.14,כלכלית ירושלים, 
כלכלית ים אגחיא,1.46,0.9,1.21,כלכלית ירושלים, 
כלכלית ים אגחיב,2.69,1.48,4.43,כלכלית ירושלים, 
כלכלית ים אגחיג,2.86,2.07,3.51,כלכלית ירושלים, 
כלכלית ים אגחיד,2.39,1.75,7.19,כלכלית ירושלים, 
כללביט אגח א,0.94,-0.58,2.13,כללביט,AA
כללביט אגח ב,0.98,-1.47,0.74,כללביט, 
כללביט אגח ג,1.2,0.29,4.1,כללביט,AA-
כללביט אגח ו,0.81,-0.24,0.4,כללביט,AA-
כללביט אגח ז,2.1,1.5,6.32,כללביט,AA-
כללביט אגח ח,2.81,2.19,5.22,כללביט,AA-
כללביט אגח ט,2.4,1.77,9.99,כללביט, 
כללביט אגח י,3.31,2.71,6.49,כללביט, 
כנפיים אגח ה,2.42,1.24,1.76,כנפיים,A-
כנפיים אגח ז,3.35,2.37,3.58,כנפיים,A-
לאומי אגח 177,0.87,0.72,3.28,לאומי,AAA 
לאומי אגח 178,2.42,1.94,6.35,לאומי,AAA 
לאומי התח נד ח,0.38,-1.21,0.66,לאומי,AA+
לאומי התח נד יב,0.02,-1.23,0.51,לאומי,AA+
לאומי התח נד יג,0.28,-1.23,0.51,לאומי,AA+
לאומי התח נד יד,0.68,-0.19,3.49,לאומי,AA+
לאומי שה נד 200,1.12,0.15,3.65,לאומי,AA
לאומי שה נד 201,1.33,1.09,3.8,לאומי,AA
לאומי שה נד 300,1.05,-0.15,3.18,לאומי,AA
לאומי שה נד 301,1.32,0.99,3.31,לאומי,AA
לודן אגח ד,3.63,2.77,2.61,לודן,BBB+
לוזון קב אגח ו,3.31,1.17,1.41,לוזון, 
לוזון קב אגח ז,4.3,3.28,2.99,לוזון, 
לוזון קב אגח ח,5.14,3.62,4.68,לוזון, 
לוי אגח ו,4.23,2.27,0.99,לוי, 
לוינשט נכ אגח א,1.55,0.99,1.28,לוינשטיין,A
לוינשט נכ אגח ב,2.4,1.8,5.8,לוינשטיין,A
לונשטן הנד אגחג,2.31,1.68,3.16,לוינשטיין,A
ליברטי אגח ד,2.93,1.27,2.01,ליברטי, 
לידר השק אגח ה,2.48,-0.24,2,לידר השקעות, 
לייטסטון אגח א,4.11,3.17,3.72,לייטסטון,A+
מבני תעש אגח ח,0.9,-0.25,0.97,מבני תעש,A-
מבני תעש אגח ט,0.87,-0.61,0.81,מבני תעש,A-
מבני תעש אגח טו,2.86,1.95,3.63,מבני תעש,A-
מבני תעש אגח טז,3.79,2.96,5.55,מבני תעש,A-
מבני תעש אגח יד,1.47,-0.18,1.67,מבני תעש,A-
מבני תעש אגח יז,3.19,2.24,5.79,מבני תעש,A-
מבני תעש אגח יח,1.87,1.14,6.2,מבני תעש,A-
מבני תעש אגח יט,2.5,1.81,7.69,מבני תעש,A-
מגדל הון אגח ג,2.86,2.25,5.39,מגדל, 
מגדל הון אגח ד,2.82,2.21,5.37,מגדל, 
מגדל הון אגח ה,3.34,2.83,10.17,מגדל, 
מגדלי תיכוןאגחב,2.69,2.14,4.37,מגדלי תיכון, 
מגה אור אגח ג,0.88,-0.23,2.62,מגה אור,A
מגה אור אגח ד,1.8,0.93,3.9,מגה אור,A
מגה אור אגח ה,2.46,1.9,4.73,מגה אור,A
מגה אור אגח ו,2.31,1.77,6.22,מגה אור,A
מויניאן אגח א,3.43,2.77,3.44,מויניאן, 
מז טפ הנפק 35,0.58,-0.09,1.85,מזרחי טפחות,AAA 
מז טפ הנפק 36,0.56,0.56,0.49,מזרחי טפחות,AAA 
מז טפ הנפק 37,1.23,0.73,3.08,מזרחי טפחות,AAA 
מז טפ הנפק 38,1,0.88,2.48,מזרחי טפחות,AAA 
מז טפ הנפק 39,0.53,0.36,2.89,מזרחי טפחות,AAA 
מז טפ הנפק 40,2.85,2.36,7.29,מזרחי טפחות,AAA 
מז טפ הנפק 41,1.93,1.51,4.91,מזרחי טפחות,AAA 
מז טפ הנפק 42,0.5,0.38,12.84,מזרחי טפחות,AAA 
מז טפ הנפק 43,0.84,-0.21,4.06,מזרחי טפחות,AAA 
מז טפ הנפק 44,1.02,0.75,5.41,מזרחי טפחות,AAA 
מז טפ הנפק הת30,1.12,-3.14,0.22,מזרחי טפחות,AA+
מז טפ הנפק הת31,0.67,-0.18,2.45,מזרחי טפחות,AA+
מזרח טפחות שה א,1.57,0.47,4.37,מזרחי טפחות,A+
מידאס אגח ב,2.89,1.44,1.38,מידאס, 
מידאס אגח ג,5.84,4.07,3.6,מידאס, 
מיטב דש אגח ג,1.42,0.45,4.4,מיטב דש, 
מירלנד אגח ז,7.42,7.22,5.58,מרילנד, 
מישורים אגח ב,0.68,-1.21,0.5,מישורים,BBB+
מישורים אגח ג,1.92,0.3,1.83,מישורים,BBB+
מישורים אגח ד,3.07,1.81,3.07,מישורים,BBB+
מישורים אגח ה,4.49,3.14,4.28,מישורים,BBB+
מליבו אגח ג,5.75,4.69,3.18,מליבו, 
מליסרון אגח ד,0.14,-1.05,0.48,מליסרון,AA-
מליסרון אגח ה,0.72,-0.52,3.01,מליסרון,AA-
מליסרון אגח ו,1.46,0.2,3.33,מליסרון,AA-
מליסרון אגח ז,1.25,0.35,3.29,מליסרון,AA-
מליסרון אגח ח,1.36,0.72,4.34,מליסרון,AA-
מליסרון אגח ט,1.54,0.94,3.01,מליסרון,AA-
מליסרון אגח טו,3.47,2.92,6.2,מליסרון,AA-
מליסרון אגח טז,2.6,1.99,8.07,מליסרון,AA-
מליסרון אגח י,2.39,1.92,7.1,מליסרון,AA-
מליסרון אגח יא,2.68,2.07,6.97,מליסרון,AA-
מליסרון אגח יב,1.19,-0.64,0.72,מליסרון,AA-
מליסרון אגח יג,1.39,-0.05,3.01,מליסרון,AA-
מליסרון אגח יד,2.4,1.83,7.51,מליסרון,AA-
מליסרון מסחרי 4,0.51,0.34,0.55,מליסרון, 
ממן אגח ב,2.01,1.55,3.82,ממן,A+
מנדלסוןתשת אגחג,2.05,-0.22,0.93,מנדלסון,A
מנורה הון אגח א,0.93,-0.24,2.68,מנורה, 
מנורה הון התח ד,3.14,2.52,6.39,מנורה, 
מנורה מב אגח א,0.7,-0.8,1.32,מנורה, 
מנורה מב אגח ג,2.84,2.37,5.96,מנורה, 
מנרב אגח א,2.09,1.51,3.26,מנרב,A
מנרב אגח ב,2.89,2.2,6.81,מנרב,A
מצלאוי אגח ב,5.19,4.22,0.96,מצלאוי, 
מצלאוי אגח ג,7.22,6.03,0.71,מצלאוי, 
מצלאוי אגח ד,6.84,5.4,1.99,מצלאוי, 
מרכנתיל הנ אגחב,1.8,1.43,4.77,מרכנתיל,AA
נאוי אגח ב,1.08,0.68,1.46,נאוי,A
נאוי אגח ג,1.22,1.22,0.56,נאוי,A
נאוסיטי אגח א,4.25,2.57,1.56,נאוסיטי, 
נורסטאר אגח ח,1.5,1.35,1.4,נורסטאר,A+
נורסטאר אגח ט,1.55,0.33,2.08,נורסטאר,A+
נורסטאר אגח י,2.32,1.14,3.73,נורסטאר,A+
נורסטאר אגח יא,3.17,2.35,5.82,נורסטאר,A+
נייר חדרה אגח 3,1.11,-0.88,0.82,נייר חדרה,A+
נייר חדרה אגח 5,0.99,-0.18,0.71,נייר חדרה,A+
נייר חדרה אגח 6,2.73,1.89,4.66,נייר חדרה,A+
נכסים ובנ אגח ג,0.18,-1.49,0.71,נכסים ובניו,A
נכסים ובנ אגח ד,2.43,1.25,5.52,נכסים ובניו,A
נכסים ובנ אגח ו,1.58,0.38,3.54,נכסים ובניו, 
נכסים ובנ אגח ז,2.82,1.84,4.22,נכסים ובניו, 
נכסים ובנ אגח ח,2.46,1.73,6.5,נכסים ובניו, 
נכסים ובנ אגח ט,3.89,3.27,6.14,נכסים ובניו, 
נמקו אגח א,4.71,3.8,4.07,נמקו,A+
נץ ארהב אגח 1,5.45,4.22,1.76,נץ ארהב,BBB+
נצבא אגח ה,0.99,0.26,3.06,נצבא,AA
נצבא אגח ו,1.56,0.8,5.48,נצבא,AA
נתנאל גרופ אגחד,2.6,1.17,1.49,נתנאל גרופ, 
נתנאל גרופ אגחה,2.18,1.08,0.56,נתנאל גרופ, 
נתנאל גרופ אגחו,3.87,3.01,3.25,נתנאל גרופ, 
נתנאל גרופ אגחח,3.91,3.18,3.06,נתנאל גרופ, 
סאות''רן אגח א,7.41,6.26,3.58,סאותרן,BBB+
סאמיט אגח ד,1.1,-0.97,1.22,סאמיט, 
סאמיט אגח ו,2.72,1.83,4.45,סאמיט, 
סאמיט אגח ז,3.39,2.65,5.78,סאמיט, 
סאמיט אגח ח,3.15,2.72,6.75,סאמיט, 
סאני תקש אגח יא,5.25,4.66,4.75,סאנפלאואר, 
סטרוברי אגח א,5.29,4.28,3.01,סטרוברי,A
סלע נדלן אגח א,1.16,0.46,3.38,סלע נדלן, 
סלע נדלן אגח ב,2.12,1.38,5.15,סלע נדלן, 
סלע נדלן אגח ג,2.3,1.76,7.06,סלע נדלן, 
סלקום אגח ד,0.77,-3.12,0.32,סלקום,A+
סלקום אגח ו,0.82,-0.37,1.77,סלקום,A+
סלקום אגח ז,0.98,-0.16,1.17,סלקום,A+
סלקום אגח ח,1.8,1.28,4.35,סלקום,A+
סלקום אגח ט,2.66,2.04,4.64,סלקום,A+
סלקום אגח י,2.1,1.47,6.46,סלקום,A+
סלקום אגח יא,3.42,2.87,6.21,סלקום,A+
ספנסר אגח א,3.62,2.58,3.32,ספנסר,A
ספנסר אגח ב,4.66,3.87,5.11,ספנסר,A
סקייליין אגח א,3.97,3.18,4.45,סקייליין, 
עזריאלי אגח ג,1.5,1.08,5.51,עזריאלי,AA+
עזריאלי אגח ד,1.9,1.55,6.84,עזריאלי, 
פולאר השק אגח ו,1000,855.51,0.06,פולאר, 
פועל הנ שה נד 1,1.01,-0.56,3.01,פועלים,AA
פועלים הנ אגח29,0.63,-0.39,1.2,פועלים,AAA 
פועלים הנ אגח30,0.69,0.39,1.7,פועלים,AAA 
פועלים הנ אגח31,0.09,-1.09,0.91,פועלים,AAA 
פועלים הנ אגח32,0.93,-0.2,4.87,פועלים,AAA 
פועלים הנ אגח33,1.12,0.64,2.47,פועלים,AAA 
פועלים הנ אגח34,0.57,0.34,3,פועלים,AAA 
פועלים הנ הת טו,0.98,-0.12,4.71,פועלים,AA+
פועלים הנ הת טז,1.64,0.66,4.5,פועלים,AA+
פועלים הנ הת יא,1.02,-0.2,1.93,פועלים,AA+
פועלים הנ הת יג,0.28,-0.11,0.48,פועלים,AA+
פועלים הנ הת יד,0.85,-0.14,3.95,פועלים,AA+
פועלים הנפ הת ט,0.47,-0.97,0.78,פועלים,AA+
פועלים הנפ הת י,0.67,-0.73,1.97,פועלים,AA+
פורמולה אגח א,2.37,1.93,3.59,פורמולה,A+
פז נפט אגח ג,0.51,0.25,2.17,פז נפט,AA-
פז נפט אגח ד,1.84,1.57,6.8,פז נפט,AA-
פז נפט אגח ה,2.56,2.09,5.28,פז נפט,AA-
פז נפט אגח ו,1.64,1.14,5.81,פז נפט,AA-
פטרוכימים אגח 1,29.75,28.07,5.6,פטרוכימים, 
פטרוכימים אגח ב,16.49,14.7,6.11,פטרוכימים, 
פטרוכימים אגח ג,17.86,16.51,5.93,פטרוכימים, 
פטרוכימים אגח ד,13.24,9.85,2.24,פטרוכימים, 
פלאזה סנט אגח א,18.47,16.56,2.09,פלאזה סנט,CCC
פלאזה סנט אגח ב,19.27,17.05,2.49,פלאזה סנט,CCC
פלסטו שק אגח ג,4.53,3,1.63,פלסטו, 
פלסטו שק אגח ד,6.1,5.12,3.84,פלסטו, 
פניקס הון אגח ב,0.89,-0.13,2.44,פניקס,AA-
פניקס הון אגח ג,0.52,-1.03,0.55,פניקס,AA-
פניקס הון אגח ד,3.07,2.5,6.13,פניקס, 
פניקס הון אגח ה,2.38,1.79,10.98,פניקס, 
פניקס הון אגח ו,2.72,2.26,5.43,פניקס, 
פניקס הון אגח ח,3.54,2.98,7.29,פניקס, 
פניקס הון התח א,0.61,-0.47,0.98,פניקס,AA
פרטנר אגח ג,0.57,-0.36,1.29,פרטנר,A+
פרטנר אגח ד,1.21,0.99,2.75,פרטנר,A+
פרטנר אגח ה,0.87,-0.11,0.8,פרטנר,A+
פרשקובסקי אגח ה,2.88,-7.02,0.07,פרשקובסקי, 
פרשקובסקי אגח ז,1.87,1.07,1.74,פרשקובסקי, 
פרשקובסקי אגח ח,1.59,1.02,1.41,פרשקובסקי, 
פרשקובסקי אגח ט,1.81,1.39,1.24,פרשקובסקי, 
פרשקובסקי אגח י,3.22,2.73,3.17,פרשקובסקי, 
פתאל אגח א,2.81,2.28,4.09,פתאל, 
צור אגח ז,0.5,-1.14,0.81,צור, 
צור אגח ח,2.31,1.48,3.14,צור, 
צור אגח ט,2.77,2.22,3.58,צור, 
צמח המרמן אגח ב,2.07,0.85,0.23,צמח המרמן, 
צמח המרמן אגח ג,2.09,0.88,1.35,צמח המרמן, 
צמח המרמן אגח ד,2.88,2.04,2.28,צמח המרמן, 
צנור המזהת אגח2,2.37,0.41,0.47,צנורות המזהת, 
צרפתי אגח ז,2.24,1.07,1.04,צרפתי,BBB+
צרפתי אגח ח,2.94,2.32,2.73,צרפתי,BBB+
קופרליין אגח א,3.07,2.04,2.07,קופרליין,A
קופרליין אגח ב,5.24,4.45,5.4,קופרליין,A
קורנרסטון אגח א,4.15,3.38,4.2,קורנרסטון, 
קיי.בי.אס אגח א,3.62,2.98,3.68,קיי.בי.אס,AA-
קליין אגח א,5.13,4.17,3.03,קליין,A-
קרדן אןוי אגח א,29.46,27.47,0.97,קרדן,B
קרדן אןוי אגח ב,33.79,31.18,1.87,קרדן,B
קרדן נדלן אגח ב,2.47,1.6,1.95,קרדן, 
קרסו אגח א,2.28,1.87,4.64,קרסו, 
קרסו אגח ב,1.92,1.56,3.56,קרסו, 
רבד אגח א,1.4,0.33,2.35,רבד, 
רבד אגח ב,3.67,2.76,3.21,רבד, 
רבד אגח ג,4.57,3.72,4.72,רבד, 
רבוע נדלן אגח ג,1.11,-0.23,1.12,רבוע נדלן,A+
רבוע נדלן אגח ד,0.88,-0.31,1.76,רבוע נדלן,A+
רבוע נדלן אגח ה,2.09,1.24,4.47,רבוע נדלן,A+
רגנסי אגח א,2.96,1.91,1.73,רגנסי,BBB+
רוטשטיין אגח ד,3.08,1.96,2.2,רוטשטיין, 
רוטשטיין אגח ה,3.47,2.86,2.24,רוטשטיין, 
ריט 1 אגח א,1.24,-0.23,0.39,רייט,AA-
ריט 1 אגח ג,0.95,0.03,2.34,רייט,AA-
ריט 1 אגח ד,1.7,0.77,5.17,רייט,AA-
ריט 1 אגח ה,2.31,1.38,7.48,רייט,AA-
ריט 1 אגח ו,2.5,1.62,8.31,רייט,AA-
רילייטד אגח א,3.28,2.42,3.03,ריילייטד,A+
רכבת ישר אגח א,0.94,0.71,1.78,רכבת ישראל,AA+
רכבת ישר אגח ב,0.55,0.37,1.8,רכבת ישראל,AA+
רפק אגח ה,3.79,2.76,2.3,רפק, 
רציו מימון אגחא,3.86,2.35,2.52,רציו מימון, 
רציו מימון אגחב,6.38,5.26,5.04,רציו מימון, 
רקח אגח ב,2.13,1.19,1.95,רקח, 
שופרסל אגח ב,0.96,-1.34,1.02,שופרסל,A+
שופרסל אגח ד,2.17,1.4,5.95,שופרסל,A+
שופרסל אגח ה,3.09,2.34,5.65,שופרסל,A+
שופרסל אגח ו,2.47,1.41,6.58,שופרסל,A+
שטראוס אגח ב,0.7,-0.41,0.89,שטראוס,AA+
שטראוס אגח ד,1.64,0.95,4.05,שטראוס,AA+
שכון ובי אגח 4,1.32,0.16,1.47,שיכון ובינוי,A
שכון ובי אגח 5,1.51,0.15,2.66,שיכון ובינוי,A
שכון ובי אגח 7,3.34,2.4,4.62,שיכון ובינוי,A
שכון ובי אגח 8,3.7,2.67,6.54,שיכון ובינוי,A
שלמה החז אגח טו,1.39,0.55,1.55,שלמה החזקות,A
שלמה החז אגח טז,1.84,1.27,2.97,שלמה החזקות,A
שלמה החז אגח יא,1.31,0.48,0.44,שלמה החזקות,A
שלמה החז אגח יב,0.88,-0.26,0.43,שלמה החזקות,A
שלמה החז אגח יד,1.42,0.48,1.57,שלמה החזקות,A
שלמה נדלן אגח ב,2.18,0.92,1.83,שלמה נדלן, 
שלמה נדלן אגח ג,3.63,2.97,3.98,שלמה נדלן, 
שניב אגח ב,1.57,0.01,0.9,שניב, 
שנפ אגח ב,2.42,2.07,4.13,שנפ, 
שפיר הנדס אגח א,2.4,1.86,4.18,שפיר,A+
תדיראן הול אגח2,2.04,1.38,2.75,תדיראן, 
תעש אוירית אגחב,0.24,-2.24,0.15,תעשיה אוירית,AA
תעש אוירית אגחג,0.98,0.35,2.23,תעשיה אוירית,AA
תעש אוירית אגחד,1.2,1.02,5.56,תעשיה אוירית,AA
,,,,,
,,,,,
,,,,,
,,,,,
,,,,,
,,,,,
,,,,תעשיה אוירית,
,,,,תעשיה אוירית,
